id,username,email,password,role,created_at
1,ddunn0,amathivon0@vimeo.com,"rS0)""C`+s",customer,2/22/2026
2,lduigenan1,mdanilchenko1@kickstarter.com,gN6?=us8@Db,admin,10/8/2025
3,rbirth2,gmccromley2@jiathis.com,zW0'(gIxUi44,admin,9/23/2025
4,tfinci3,rkeeling3@bluehost.com,"uB8""e$=O>$",customer,6/9/2025
5,rbertelsen4,dberesfore4@kickstarter.com,nO8+'*/y9S~,admin,8/17/2025
6,soflaherty5,vhelder5@ebay.com,iE0*0_CTMs{P`,customer,2/13/2026
7,lhancock6,skordovani6@jimdo.com,rZ9{PJ5cmr@t,customer,11/8/2025
8,hanten7,pendricci7@simplemachines.org,tF0_#&#2~gwY,customer,5/31/2025
9,smaciaszek8,cbarwack8@sciencedaily.com,"nJ3,5*.?",admin,12/8/2025
10,gbrothwood9,spepall9@livejournal.com,yB3!.D=Zey$D,admin,10/18/2025
11,poliverasa,ahearnamana@edublogs.org,"qN0+S=,ld",customer,9/10/2025
12,bklimusb,cpatsallb@123-reg.co.uk,"mA2,odJd0jm*",admin,3/17/2025
13,emoralesc,ebeestonc@domainmarket.com,kI3(6%$B7ihfm,customer,6/5/2025
14,flintond,oavond@livejournal.com,aD8%m@w*xLudS@,customer,1/26/2026
15,dologane,tnusseye@berkeley.edu,eU7@Sj4NE8!u,admin,6/14/2025
16,nsmalridgef,khenrichsf@sphinn.com,sZ7`oq@m,customer,2/9/2026
17,htatfordg,gspillaneg@msn.com,xY4&447g|,customer,11/26/2025
18,aedmundsh,jpetersenh@jigsy.com,mZ1#L3C>4,customer,10/22/2025
19,rragsdalli,kkhristyukhini@wikispaces.com,"eO4""VZDk'Ysr",customer,5/18/2025
20,jstollej,ksillimanj@sphinn.com,"iI3}dyo73""Z",customer,3/19/2025
21,crutherforthk,tlesserk@toplist.cz,"eI7(ic#5ckT""P+F",customer,4/3/2025
22,rhambricl,aguisel@npr.org,"yW3!ujAk""bC3wX?6",admin,10/28/2025
23,jsandellm,ymccathaym@squarespace.com,nM1'lUs~.A&3+\,admin,1/27/2026
24,hyakolevn,chearstn@dropbox.com,qF7!+*/avB,customer,6/21/2025
25,cjeramo,ffrencho@trellian.com,eH0\u|iMvM,admin,11/30/2025
26,rmilanp,opicp@tinyurl.com,vQ9*KHHpw),admin,11/13/2025
27,bcrottyq,wgillhamq@sohu.com,iA5?VYrp,admin,6/3/2025
28,bcampellir,nbickerdicker@php.net,aG3{V$tPj'{L,customer,12/10/2025
29,mpascows,cfoyes@cornell.edu,vW6+!4ytF8,admin,1/15/2026
30,gmccaskellt,eastlest@sourceforge.net,tC2#QiFbRb=,admin,8/11/2025
31,tkeadyu,amemmoryu@ihg.com,vB3@bX~Uwb9mm,customer,12/9/2025
32,cchatelotv,nshoweringv@ibm.com,bL4.h\|ZC.ViJq,admin,8/19/2025
33,cwranglew,oshimoniw@vistaprint.com,bI0/kQ`mptMDEH,admin,3/26/2025
34,osaturleyx,nslingsbyx@macromedia.com,gX1_Q9C5&NPiV6,customer,2/5/2026
35,bstarkingsy,jharkusy@jalbum.net,xN6%K}{x&n_9!/.,customer,11/26/2025
36,rmcgeffenz,clongoz@webmd.com,iS4\4m3F\fz`7Rhe,admin,4/1/2025
37,oaldcorn10,millston10@berkeley.edu,"hN6+`,4|z65&M",customer,10/12/2025
38,swilse11,ghansberry11@sohu.com,sG2@?&`b9{,customer,9/7/2025
39,sthandi12,nimore12@cornell.edu,"vR3,JMMSE5#Zb",customer,10/29/2025
40,xsibun13,adunican13@homestead.com,dD0*}=g*$FX}&!JU,customer,10/8/2025
41,dcorking14,ebadam14@aol.com,"zJ7#N|mb9,!/R1",customer,2/21/2026
42,ccamamill15,ddummigan15@ehow.com,"dZ0)$""TbOth\'VXU",customer,10/14/2025
43,gbagguley16,mgorelli16@etsy.com,"vK6.aM,zGIc",customer,9/1/2025
44,ctaggett17,agagie17@chronoengine.com,"pP6,'f6""x8",customer,1/23/2026
45,elaffling18,techalie18@hud.gov,vN4(UWgszFgdL_',customer,2/26/2025
46,brimmer19,mesparza19@vimeo.com,sC9&<vG)<Pd/,admin,10/4/2025
47,wenoch1a,aclapperton1a@123-reg.co.uk,lP8.8E2%J,customer,9/7/2025
48,spatience1b,ecolliford1b@wordpress.org,lC3.ggS<6,admin,6/5/2025
49,vshippey1c,cmariyushkin1c@opera.com,qZ6~B)qKu,customer,6/21/2025
50,nbruinemann1d,mshortan1d@360.cn,"fH9,4WBi$j_t#",admin,12/21/2025
51,bkingsnod1e,psabathier1e@epa.gov,lG7\!SG*{@DA,admin,5/15/2025
52,cledrun1f,cburbudge1f@irs.gov,zE2`q8Lx.QB<)O+<,admin,5/9/2025
53,sbolletti1g,abanyard1g@bizjournals.com,xU1$<#wwDa8AvMa,customer,3/14/2025
54,jpidduck1h,tneasam1h@squidoo.com,lD8@`a?t>(&,admin,3/30/2025
55,kkeighly1i,nbyard1i@patch.com,pL8&\lo&<j4,admin,2/24/2026
56,jaiston1j,cgabrieli1j@dell.com,bR7/=gr4D4e),admin,5/26/2025
57,canderer1k,ehaddon1k@unesco.org,bJ1<iwq{m!T_}.H,customer,7/3/2025
58,ahailey1l,dgrodden1l@nature.com,yQ9><r985@N9A%,customer,10/31/2025
59,svallance1m,leke1m@chicagotribune.com,iM0/O9=L/d#,customer,7/19/2025
60,aspottswood1n,sdaniele1n@zimbio.com,nF7?'#}DQhurwQQ,admin,10/23/2025
61,drumens1o,gcordeau1o@moonfruit.com,yA9@zm<\a39y,admin,2/10/2026
62,dpeekevout1p,tzettler1p@washington.edu,"dV5""56yZ|",customer,1/9/2026
63,atwining1q,djohn1q@cloudflare.com,"lM5|""C@%9)H",admin,6/19/2025
64,hyanyushkin1r,mcuardall1r@wikia.com,mX6.!zrNpA,customer,3/19/2025
65,jkubin1s,asweedy1s@angelfire.com,eS1=|e_Hbc,customer,12/29/2025
66,kdowry1t,groebottom1t@angelfire.com,hL8&|4&/!'G`9,customer,5/27/2025
67,fsidnell1u,chugh1u@businessinsider.com,"kF4,?UmyA/W0q",admin,1/16/2026
68,okilliam1v,beddins1v@google.co.jp,fT3@ksniF.,customer,5/28/2025
69,hmarchand1w,septon1w@wordpress.com,kC8`_.1Udl$5b,admin,2/15/2026
70,rgiacoppoli1x,rgasson1x@goo.ne.jp,aE3#(P&a.',customer,1/26/2026
71,tswiffin1y,mrupprecht1y@bluehost.com,lF5@%Ah..l%}Gl,admin,3/27/2025
72,ifetteplace1z,byanyshev1z@mac.com,nG2&3K}+,customer,6/11/2025
73,prye20,greddings20@e-recht24.de,bX2|SzH2%!L,admin,9/23/2025
74,emountstephen21,mtuft21@baidu.com,lI4}Xkvn+g},admin,10/21/2025
75,greisenstein22,mkares22@acquirethisname.com,jX8_~k?w?tuHP,customer,4/1/2025
76,lpoff23,nbrown23@bravesites.com,"vC1%l91Sl*?Qh#0""",admin,9/21/2025
77,candrioni24,dshoreson24@ovh.net,sE4>D@U~,customer,1/3/2026
78,gwarne25,svigrass25@meetup.com,aU3'1IppP`ygf,admin,9/14/2025
79,gmeharg26,bskipper26@netvibes.com,"iW9""<tkE4x",admin,1/17/2026
80,jpinckney27,abreede27@dell.com,vE0)Gf0(,admin,11/16/2025
81,psilverston28,aatkinson28@meetup.com,cJ0!z5=1x8SX,customer,6/8/2025
82,jdury29,npatise29@tumblr.com,nH1$F?Q3,admin,1/7/2026
83,jdalliwatr2a,gdowning2a@washington.edu,"wU2\=5,=T(y??)",admin,12/31/2025
84,ecoultous2b,alegrove2b@spiegel.de,jA2{%z7OkKJC.,customer,10/10/2025
85,jjellico2c,mcadigan2c@networksolutions.com,qA5+o?E1cy0q(,admin,6/22/2025
86,bholston2d,etidgewell2d@cafepress.com,wW3?M!edPAeK,admin,6/29/2025
87,rbubbear2e,gchidler2e@weibo.com,"wU6,I#\W"",J",admin,9/11/2025
88,rfelton2f,psodo2f@nps.gov,vO1+Q/IGar,customer,8/2/2025
89,bsholem2g,dlovejoy2g@google.co.uk,"vG1\iq*@e""P_9rpN",customer,6/2/2025
90,afetherby2h,czincke2h@imgur.com,xL8`%*PPMkTm,customer,3/10/2025
91,mwetton2i,jbehr2i@buzzfeed.com,bO3@veF=,customer,5/18/2025
92,mkleinlerer2j,twoolens2j@yellowbook.com,qZ0#1ua4,customer,11/22/2025
93,tiiannoni2k,wleggon2k@oracle.com,wD4/pSp*JFB,admin,4/6/2025
94,dmalpass2l,ndrust2l@usnews.com,zB0`7/U*OL((l'J,customer,5/30/2025
95,gstanney2m,ascholefield2m@ucoz.com,uP0(3_!\hZrN\>Qs,customer,5/17/2025
96,galekseicik2n,dwarters2n@w3.org,dD0(fRWA!,admin,10/25/2025
97,jwalsh2o,vpeddie2o@tuttocitta.it,mK3_2Zu<0CyfN,customer,6/15/2025
98,tchrisp2p,jwelfair2p@sbwire.com,xQ3(v<l*,customer,2/24/2026
99,ggermon2q,nmignot2q@goo.gl,bL8\XC%CF`,admin,10/9/2025
100,grendbaek2r,cboase2r@cbsnews.com,"qF6,3vMz6",admin,1/1/2026
101,aweatherhead2s,pgolby2s@phpbb.com,hO8<aBXkRpF|.M,admin,10/3/2025
102,hlockhart2t,afarraway2t@sina.com.cn,dH7_|umr7lJ6CG9,customer,4/25/2025
103,mwoolfoot2u,dwhipp2u@bandcamp.com,qS7#2bYE7*7=b,admin,3/11/2025
104,mwoodrow2v,rstpaul2v@theguardian.com,pH0$6ljj%WID7rz6,customer,3/8/2025
105,rrickersy2w,cbarrie2w@buzzfeed.com,zV5}{Keb,admin,4/14/2025
106,ctolworthy2x,nbridgman2x@ameblo.jp,nH1?x`(rD@J,admin,11/18/2025
107,achatres2y,cmattaser2y@parallels.com,rV9+4tVxum!G!,customer,7/1/2025
108,dpauleit2z,dgorry2z@washingtonpost.com,oX6)WHdv,customer,9/10/2025
109,oyuryaev30,tcushworth30@upenn.edu,"rV2""<!=5<",admin,11/13/2025
110,rstandbrook31,lquainton31@cisco.com,vJ6|0g'v{,admin,5/9/2025
111,wvidineev32,bbreslin32@bluehost.com,kP5<vsnq6{cyOZ,customer,4/29/2025
112,dsimak33,oputman33@netscape.com,hG5=dmskp2r<,admin,1/23/2026
113,jciccarello34,amckeever34@usa.gov,oM6!ysOC,customer,4/22/2025
114,oreggio35,mwaldram35@ycombinator.com,fG9&(RD),customer,9/11/2025
115,cgerriet36,gleist36@unicef.org,"fD4>*!""bGQ",customer,8/20/2025
116,tgrundwater37,sswansborough37@skype.com,zH1\X!={J%'X5,customer,8/17/2025
117,hpoulter38,jfransemai38@ow.ly,gV7(%l0A3A+M,customer,5/9/2025
118,mbacon39,mchave39@fastcompany.com,tB3|?|ft_1oNl,admin,4/21/2025
119,agruby3a,bhewell3a@msu.edu,vV1}i4MciFii_,customer,3/19/2025
120,seteen3b,rsutherby3b@list-manage.com,uF5/&}bm&Kn'2=H,admin,8/14/2025
121,ftether3c,abradden3c@usgs.gov,lB6+guTSO,customer,5/24/2025
122,chrachovec3d,slade3d@howstuffworks.com,xM6<IBt+J,admin,10/14/2025
123,mcrimin3e,mgecks3e@google.pl,iD7+KnjLnK5,customer,9/5/2025
124,egranham3f,mayce3f@soup.io,xF0+Y5TE1!p@|7n3,customer,12/3/2025
125,biannazzi3g,iarrowsmith3g@pcworld.com,nM8.|M$si'$orw/D,admin,3/5/2025
126,scheesworth3h,anaylor3h@simplemachines.org,cQ5'vNpaP#g,admin,9/18/2025
127,aollin3i,gvernall3i@google.co.jp,mK5~zwu|,customer,8/26/2025
128,fclutton3j,fhouselee3j@guardian.co.uk,pH5`W>|sc66I,customer,9/20/2025
129,hmaxworthy3k,jpenddreth3k@bing.com,fN2%ZY9xP{,customer,8/5/2025
130,arowthorn3l,shuguet3l@a8.net,uJ5+Rl~3q$2,admin,1/26/2026
131,tsayers3m,elampitt3m@e-recht24.de,xR4)oQjY?hY/z<n%,admin,12/15/2025
132,mlaurisch3n,gadelsberg3n@stanford.edu,mJ3#tJf3DfDelQ,admin,5/27/2025
133,ganderton3o,jdiable3o@thetimes.co.uk,vS7@'EKQdsuD,admin,3/6/2025
134,abelfrage3p,pcowdrey3p@nature.com,yO7/ND&W,customer,7/30/2025
135,bmccuaig3q,dthomassin3q@bigcartel.com,"pB3%.C8Lsfp""9?9Z",customer,11/14/2025
136,apert3r,mnaismith3r@wikimedia.org,"kI1\x""yBwj",customer,7/28/2025
137,kmerkle3s,tsharpin3s@reddit.com,iN5'vc#'Hk{\f,customer,8/23/2025
138,hsparkwell3t,asillick3t@umn.edu,eW1/qG<&}mH,customer,12/12/2025
139,zaldington3u,aping3u@ftc.gov,mS0#>s1fN,admin,11/17/2025
140,hcarren3v,sgudahy3v@globo.com,tZ6)2&\yy1jt@b,customer,8/20/2025
141,cprangley3w,ddeely3w@is.gd,aN5$?KLw*((*dgiB,admin,7/13/2025
142,cfearey3x,cgirard3x@bloglines.com,aT0.BuIQnc8/dlb,admin,8/12/2025
143,cmalkie3y,epapa3y@bravesites.com,"dE8,}tw8Eud",admin,6/5/2025
144,dmathewson3z,hjuschka3z@imgur.com,uQ8?H>89,customer,4/9/2025
145,hcolmer40,gstoyles40@netlog.com,rB4`PEfn,customer,7/1/2025
146,fmingo41,cmonkhouse41@netscape.com,jP4?@{?Y\,admin,1/28/2026
147,mcorrado42,gchritchlow42@merriam-webster.com,hX7@.*y6V6dT@iox,admin,9/19/2025
148,fmushart43,hpiggins43@flickr.com,gH9$_cJ`|4e(KB,admin,11/3/2025
149,gculpen44,gkropp44@ebay.co.uk,"yO0&Do98~83<5"".",admin,8/20/2025
150,lbougen45,wdunge45@123-reg.co.uk,fL7'hFM#lP9<NH,admin,5/9/2025
151,gfoxon46,jpounds46@ucsd.edu,"iE1\?8pk!7a,od",customer,10/1/2025
152,hleigh47,gbelchamp47@cbc.ca,oT0#I6>E_2R,admin,4/21/2025
153,abirth48,rplowman48@domainmarket.com,gJ1)AvbI,admin,9/24/2025
154,mpiecha49,mquenell49@google.ca,eR7)+HOUT*Pg2,admin,9/14/2025
155,mcarress4a,nriccio4a@cam.ac.uk,jO1~A!/Pj6,customer,10/28/2025
156,prubra4b,dteliga4b@oaic.gov.au,uM5)N#~EdTbn,customer,9/4/2025
157,ithorald4c,spedrocco4c@google.com.br,eQ2\W02cgC4i6o,customer,4/10/2025
158,tmcivor4d,dbenkin4d@ask.com,cF9=m#d>~nD9gq!%,admin,5/25/2025
159,afroment4e,rkilmaster4e@miitbeian.gov.cn,aP0*#gDA=0RUx=/q,customer,5/18/2025
160,ddrable4f,bberrecloth4f@spiegel.de,xA5}$~sAbp,admin,3/7/2025
161,ghadenton4g,cglanders4g@chronoengine.com,yP4`@<oHK2,customer,8/4/2025
162,bmcaneny4h,gkalisz4h@cbc.ca,aR7{F6'd,customer,3/29/2025
163,bbelvard4i,dnavarre4i@homestead.com,jK0_T<GO0=`Qv,admin,5/17/2025
164,glippett4j,lbehneke4j@nih.gov,nI8~SHz>7VGaGp,customer,10/5/2025
165,wbulger4k,dodams4k@dyndns.org,uP1\}3!Q}xKUeG,customer,1/28/2026
166,hpowrie4l,mmarle4l@scribd.com,jG5._0K_Z.aQpiv,customer,11/20/2025
167,harnoud4m,flarcher4m@multiply.com,gY1|~H@$r5,customer,1/8/2026
168,rpilgrim4n,rthorogood4n@hubpages.com,kZ3?.UVJ,customer,1/20/2026
169,jlehrian4o,jgoodday4o@skyrock.com,bD5`ll!v>Ez{~,customer,1/2/2026
170,lfreathy4p,bbinham4p@dedecms.com,"vA4<Bo',wxg",customer,1/31/2026
171,mpedro4q,emilstead4q@telegraph.co.uk,tC5'!@~1+DCRj+D9,customer,6/18/2025
172,fbaroux4r,ljacobs4r@msn.com,"mS6*'N""tnxUV",admin,8/19/2025
173,bbrunetti4s,mgribbins4s@yolasite.com,rK8#6{N|>=Vw,customer,1/17/2026
174,lbollands4t,ltunnock4t@admin.ch,xL1&>ReW,admin,3/6/2025
175,tgronaver4u,fhowkins4u@marriott.com,"hU3""pmU%9k'#n\'",customer,7/21/2025
176,ghawkswell4v,abrim4v@cdc.gov,iM5\tlU@'Busi}c,admin,12/29/2025
177,njukes4w,tmangam4w@hud.gov,"xB3,mPw`s6'aH",customer,1/23/2026
178,vfanthome4x,rpickworth4x@studiopress.com,dQ9)ckfmw_A0OF$d,customer,10/10/2025
179,aduerdin4y,nrimmington4y@yahoo.co.jp,wT8/.@wwhd=kT@,admin,3/25/2025
180,jmessom4z,ijakuszewski4z@goo.gl,eU7?fwF.,admin,2/10/2026
181,wdeluca50,bmacgiany50@infoseek.co.jp,xA4@k$&sN_x)},admin,2/8/2026
182,ablow51,sthal51@nasa.gov,mW8)sxL#a|,customer,6/28/2025
183,lfibbitts52,hmccrum52@netscape.com,"bQ2%d8xX=,",admin,4/29/2025
184,jblayney53,vvalasek53@sogou.com,jL6#fF{V\I8_<,customer,7/14/2025
185,lleestut54,ssutton54@tiny.cc,jQ6&nXz},customer,1/17/2026
186,rmcquin55,boldrey55@spotify.com,"kW8/&U.t`""k#m",customer,3/27/2025
187,cwhales56,dclowney56@wikimedia.org,fA6+IhJ.VR\I,customer,6/21/2025
188,evanyutin57,cartingstall57@state.gov,cD7`\x2>7w4Gd7,customer,10/11/2025
189,ejeacock58,ldemerida58@yahoo.com,gN1$eHZd*,customer,10/29/2025
190,xstockings59,cmembry59@amazon.com,iF6|O6r=*nltm5WN,admin,12/2/2025
191,aclines5a,aschubart5a@va.gov,nF5>B_fkY74?l,customer,5/19/2025
192,tmulran5b,sdilliway5b@ocn.ne.jp,bF0>~=`IJvy7k9*,customer,7/16/2025
193,glumsden5c,hsorel5c@utexas.edu,kP8?3V%&>aB3sB\K,customer,4/23/2025
194,hmityakov5d,nmordan5d@quantcast.com,qT0!1V.@nB,admin,11/19/2025
195,nskeermer5e,mgommes5e@youtube.com,hQ0'M_4GPywC*0~7,admin,10/11/2025
196,dcolgan5f,mhuriche5f@answers.com,"qM6)_XmwVi,C",customer,5/7/2025
197,mleverton5g,cpauley5g@deviantart.com,oL0#aTTtyr<x,customer,4/5/2025
198,sdagworthy5h,raglione5h@zimbio.com,"iP0,$1q/(Ywu>i",admin,10/11/2025
199,hbatten5i,tamiranda5i@eepurl.com,"yH7.J>Lug""GBCl",customer,9/1/2025
200,clamport5j,carington5j@mysql.com,cG3?#'?KTRf,customer,9/25/2025
